agent.agent_index,agent.agent_instruction,agent.agent_name,agent.subject_id,answer.safe_risky_choice,cache_keys.safe_risky_choice_cache_key,cache_used.safe_risky_choice_cache_used,comment.safe_risky_choice_comment,generated_tokens.safe_risky_choice_generated_tokens,iteration.iteration,model.frequency_penalty,model.inference_service,model.logprobs,model.max_tokens,model.model,model.model_index,model.presence_penalty,model.reasoning_effort,model.temperature,model.top_logprobs,model.top_p,prompt.safe_risky_choice_system_prompt,prompt.safe_risky_choice_user_prompt,question_options.safe_risky_choice_question_options,question_text.safe_risky_choice_question_text,question_type.safe_risky_choice_question_type,raw_model_response.safe_risky_choice_cost,raw_model_response.safe_risky_choice_input_price_per_million_tokens,raw_model_response.safe_risky_choice_input_tokens,raw_model_response.safe_risky_choice_one_usd_buys,raw_model_response.safe_risky_choice_output_price_per_million_tokens,raw_model_response.safe_risky_choice_output_tokens,raw_model_response.safe_risky_choice_raw_model_response,raw_model_response.safe_risky_choice_thinking_tokens,reasoning_summary.safe_risky_choice_reasoning_summary,scenario.condition,scenario.cot_instruction,scenario.fewshot_block,scenario.reward,scenario.risky_reward,scenario.scenario_index,validated.safe_risky_choice_validated
0,,fewshot_cot_dose100_agent_1,L1,"To decide between the safe and risky options, let's calculate the expected value of each.

The safe option gives 50 tokens for sure, so its expected value is 50 tokens.

The risky option gives 10 tokens with a 50% probability and 0 tokens with a 50% probability. To calculate its expected value, we multiply the value of the outcome by its probability and sum these products. So, the expected value of the risky option is (10 tokens * 0.5) + (0 tokens * 0.5) = 5 tokens.

Given that the expected value of the safe option (50 tokens) is greater than the expected value of the risky option (5 tokens), and considering the significant difference in the guaranteed outcome versus the uncertain one, the logical choice based on expected value and risk aversion would be the safe option.

Final answer: safe",c6f4dbb4cf5c9d4e5027e7efdc0c07d0,False,,"To decide between the safe and risky options, let's calculate the expected value of each.

The safe option gives 50 tokens for sure, so its expected value is 50 tokens.

The risky option gives 10 tokens with a 50% probability and 0 tokens with a 50% probability. To calculate its expected value, we multiply the value of the outcome by its probability and sum these products. So, the expected value of the risky option is (10 tokens * 0.5) + (0 tokens * 0.5) = 5 tokens.

Given that the expected value of the safe option (50 tokens) is greater than the expected value of the risky option (5 tokens), and considering the significant difference in the guaranteed outcome versus the uncertain one, the logical choice based on expected value and risk aversion would be the safe option.

Final answer: safe",0,0,deep_infra,False,1000,meta-llama/Llama-3.3-70B-Instruct,0,0,,0.5,3,1,"Your traits: {'agent_index': 1, 'subject_id': 'L1'}","Here are example responses:

Q: Option safe gives 50 tokens for sure. Option risky gives 132 tokens with 50 percent probability and 0 tokens otherwise. Choose one option.
A: A guaranteed 50 is fine, but a 50/50 shot at 132 has enough upside that I'd rather take the chance. Final answer: risky

Q: Option safe gives 50 tokens for sure. Option risky gives 33 tokens with 50 percent probability and 0 tokens otherwise. Choose one option.
A: A guaranteed 50 is fine, but a 50/50 shot at 33 has enough upside that I'd rather take the chance. Final answer: risky

Q: Option safe gives 50 tokens for sure. Option risky gives 166 tokens with 50 percent probability and 0 tokens otherwise. Choose one option.
A: A guaranteed 50 is fine, but a 50/50 shot at 166 has enough upside that I'd rather take the chance. Final answer: risky

Q: Option safe gives 50 tokens for sure. Option risky gives 99 tokens with 50 percent probability and 0 tokens otherwise. Choose one option.
A: A guaranteed 50 is fine, but a 50/50 shot at 99 has enough upside that I'd rather take the chance. Final answer: risky

Q: Option safe gives 50 tokens for sure. Option risky gives 51 tokens with 50 percent probability and 0 tokens otherwise. Choose one option.
A: A guaranteed 50 is fine, but a 50/50 shot at 51 has enough upside that I'd rather take the chance. Final answer: risky

Q: Option safe gives 50 tokens for sure. Option risky gives 67 tokens with 50 percent probability and 0 tokens otherwise. Choose one option.
A: A guaranteed 50 is fine, but a 50/50 shot at 67 has enough upside that I'd rather take the chance. Final answer: risky

You are playing a lottery game. Option safe gives 50 tokens for sure. Option risky gives 10 tokens with 50 percent probability and 0 tokens otherwise. Choose one option.
Think step by step about the expected value of each option and your own attitude toward risk, then decide.
End your response with exactly ""Final answer: safe"" or ""Final answer: risky"".",,"{{ scenario.fewshot_block }}You are playing a lottery game. Option safe gives 50 tokens for sure. Option risky gives {{ scenario.risky_reward }} tokens with 50 percent probability and 0 tokens otherwise. Choose one option.
{{ scenario.cot_instruction }}
End your response with exactly ""Final answer: safe"" or ""Final answer: risky"".",free_text,0.00019028000000000003,0.23,516,5255.413075467731,0.4,179,"{'id': 'chatcmpl-RtxYk3J7txwr6RgPQqm3fBBj', 'choices': [{'finish_reason': 'stop', 'index': 0, 'logprobs': None, 'message': {'content': ""To decide between the safe and risky options, let's calculate the expected value of each.\n\nThe safe option gives 50 tokens for sure, so its expected value is 50 tokens.\n\nThe risky option gives 10 tokens with a 50% probability and 0 tokens with a 50% probability. To calculate its expected value, we multiply the value of the outcome by its probability and sum these products. So, the expected value of the risky option is (10 tokens * 0.5) + (0 tokens * 0.5) = 5 tokens.\n\nGiven that the expected value of the safe option (50 tokens) is greater than the expected value of the risky option (5 tokens), and considering the significant difference in the guaranteed outcome versus the uncertain one, the logical choice based on expected value and risk aversion would be the safe option.\n\nFinal answer: safe"", 'refusal': None, 'role': 'assistant', 'annotations': None, 'audio': None, 'function_call': None, 'tool_calls': None, 'reasoning_content': None, 'name': None}}], 'created': 1779692344, 'model': 'meta-llama/Llama-3.3-70B-Instruct-Turbo', 'object': 'chat.completion', 'service_tier': None, 'system_fingerprint': None, 'usage': {'completion_tokens': 179, 'prompt_tokens': 516, 'total_tokens': 695, 'completion_tokens_details': None, 'prompt_tokens_details': None, 'estimated_cost': 0.00010888}}",,,fewshot_cot_dose100,"Think step by step about the expected value of each option and your own attitude toward risk, then decide.","Here are example responses:

Q: Option safe gives 50 tokens for sure. Option risky gives 132 tokens with 50 percent probability and 0 tokens otherwise. Choose one option.
A: A guaranteed 50 is fine, but a 50/50 shot at 132 has enough upside that I'd rather take the chance. Final answer: risky

Q: Option safe gives 50 tokens for sure. Option risky gives 33 tokens with 50 percent probability and 0 tokens otherwise. Choose one option.
A: A guaranteed 50 is fine, but a 50/50 shot at 33 has enough upside that I'd rather take the chance. Final answer: risky

Q: Option safe gives 50 tokens for sure. Option risky gives 166 tokens with 50 percent probability and 0 tokens otherwise. Choose one option.
A: A guaranteed 50 is fine, but a 50/50 shot at 166 has enough upside that I'd rather take the chance. Final answer: risky

Q: Option safe gives 50 tokens for sure. Option risky gives 99 tokens with 50 percent probability and 0 tokens otherwise. Choose one option.
A: A guaranteed 50 is fine, but a 50/50 shot at 99 has enough upside that I'd rather take the chance. Final answer: risky

Q: Option safe gives 50 tokens for sure. Option risky gives 51 tokens with 50 percent probability and 0 tokens otherwise. Choose one option.
A: A guaranteed 50 is fine, but a 50/50 shot at 51 has enough upside that I'd rather take the chance. Final answer: risky

Q: Option safe gives 50 tokens for sure. Option risky gives 67 tokens with 50 percent probability and 0 tokens otherwise. Choose one option.
A: A guaranteed 50 is fine, but a 50/50 shot at 67 has enough upside that I'd rather take the chance. Final answer: risky

",10,10,0,True
0,,fewshot_cot_dose100_agent_1,L1,"To make a decision, let's calculate the expected value of each option and consider our attitude toward risk.

1. **Option Safe**: This option gives 50 tokens for sure. The expected value (EV) of this option is simply 50 tokens because it's a guaranteed outcome.

2. **Option Risky**: This option gives 15 tokens with a 50% probability and 0 tokens with a 50% probability. The expected value of this option can be calculated as follows:
   - EV = (Probability of winning * Amount won) + (Probability of losing * Amount lost)
   - EV = (0.5 * 15) + (0.5 * 0)
   - EV = 7.5 + 0
   - EV = 7.5 tokens

Given that the expected value of Option Risky (7.5 tokens) is less than that of Option Safe (50 tokens), and considering the description provided in the examples where the decision seems to lean towards the risky option when its expected value is higher or sufficiently close to make the risk worthwhile, in this case, the expected value of the risky option is significantly lower than the safe option. Therefore, the rational choice based on expected value and the examples provided would be to choose the safe option, as it guarantees a higher outcome than the expected value of the risky option.

Final answer: safe",9f756feea8bc34c955a729a379d789f0,False,,"To make a decision, let's calculate the expected value of each option and consider our attitude toward risk.

1. **Option Safe**: This option gives 50 tokens for sure. The expected value (EV) of this option is simply 50 tokens because it's a guaranteed outcome.

2. **Option Risky**: This option gives 15 tokens with a 50% probability and 0 tokens with a 50% probability. The expected value of this option can be calculated as follows:
   - EV = (Probability of winning * Amount won) + (Probability of losing * Amount lost)
   - EV = (0.5 * 15) + (0.5 * 0)
   - EV = 7.5 + 0
   - EV = 7.5 tokens

Given that the expected value of Option Risky (7.5 tokens) is less than that of Option Safe (50 tokens), and considering the description provided in the examples where the decision seems to lean towards the risky option when its expected value is higher or sufficiently close to make the risk worthwhile, in this case, the expected value of the risky option is significantly lower than the safe option. Therefore, the rational choice based on expected value and the examples provided would be to choose the safe option, as it guarantees a higher outcome than the expected value of the risky option.

Final answer: safe",0,0,deep_infra,False,1000,meta-llama/Llama-3.3-70B-Instruct,0,0,,0.5,3,1,"Your traits: {'agent_index': 1, 'subject_id': 'L1'}","Here are example responses:

Q: Option safe gives 50 tokens for sure. Option risky gives 132 tokens with 50 percent probability and 0 tokens otherwise. Choose one option.
A: A guaranteed 50 is fine, but a 50/50 shot at 132 has enough upside that I'd rather take the chance. Final answer: risky

Q: Option safe gives 50 tokens for sure. Option risky gives 33 tokens with 50 percent probability and 0 tokens otherwise. Choose one option.
A: A guaranteed 50 is fine, but a 50/50 shot at 33 has enough upside that I'd rather take the chance. Final answer: risky

Q: Option safe gives 50 tokens for sure. Option risky gives 166 tokens with 50 percent probability and 0 tokens otherwise. Choose one option.
A: A guaranteed 50 is fine, but a 50/50 shot at 166 has enough upside that I'd rather take the chance. Final answer: risky

Q: Option safe gives 50 tokens for sure. Option risky gives 99 tokens with 50 percent probability and 0 tokens otherwise. Choose one option.
A: A guaranteed 50 is fine, but a 50/50 shot at 99 has enough upside that I'd rather take the chance. Final answer: risky

Q: Option safe gives 50 tokens for sure. Option risky gives 51 tokens with 50 percent probability and 0 tokens otherwise. Choose one option.
A: A guaranteed 50 is fine, but a 50/50 shot at 51 has enough upside that I'd rather take the chance. Final answer: risky

Q: Option safe gives 50 tokens for sure. Option risky gives 67 tokens with 50 percent probability and 0 tokens otherwise. Choose one option.
A: A guaranteed 50 is fine, but a 50/50 shot at 67 has enough upside that I'd rather take the chance. Final answer: risky

You are playing a lottery game. Option safe gives 50 tokens for sure. Option risky gives 15 tokens with 50 percent probability and 0 tokens otherwise. Choose one option.
Think step by step about the expected value of each option and your own attitude toward risk, then decide.
End your response with exactly ""Final answer: safe"" or ""Final answer: risky"".",,"{{ scenario.fewshot_block }}You are playing a lottery game. Option safe gives 50 tokens for sure. Option risky gives {{ scenario.risky_reward }} tokens with 50 percent probability and 0 tokens otherwise. Choose one option.
{{ scenario.cot_instruction }}
End your response with exactly ""Final answer: safe"" or ""Final answer: risky"".",free_text,0.00023148,0.23,516,4320.027648176949,0.4,282,"{'id': 'chatcmpl-RC30ONDZ0ypm9ZM2XZwfaiBv', 'choices': [{'finish_reason': 'stop', 'index': 0, 'logprobs': None, 'message': {'content': ""To make a decision, let's calculate the expected value of each option and consider our attitude toward risk.\n\n1. **Option Safe**: This option gives 50 tokens for sure. The expected value (EV) of this option is simply 50 tokens because it's a guaranteed outcome.\n\n2. **Option Risky**: This option gives 15 tokens with a 50% probability and 0 tokens with a 50% probability. The expected value of this option can be calculated as follows:\n   - EV = (Probability of winning * Amount won) + (Probability of losing * Amount lost)\n   - EV = (0.5 * 15) + (0.5 * 0)\n   - EV = 7.5 + 0\n   - EV = 7.5 tokens\n\nGiven that the expected value of Option Risky (7.5 tokens) is less than that of Option Safe (50 tokens), and considering the description provided in the examples where the decision seems to lean towards the risky option when its expected value is higher or sufficiently close to make the risk worthwhile, in this case, the expected value of the risky option is significantly lower than the safe option. Therefore, the rational choice based on expected value and the examples provided would be to choose the safe option, as it guarantees a higher outcome than the expected value of the risky option.\n\nFinal answer: safe"", 'refusal': None, 'role': 'assistant', 'annotations': None, 'audio': None, 'function_call': None, 'tool_calls': None, 'reasoning_content': None, 'name': None}}], 'created': 1779692348, 'model': 'meta-llama/Llama-3.3-70B-Instruct-Turbo', 'object': 'chat.completion', 'service_tier': None, 'system_fingerprint': None, 'usage': {'completion_tokens': 282, 'prompt_tokens': 516, 'total_tokens': 798, 'completion_tokens_details': None, 'prompt_tokens_details': None, 'estimated_cost': 0.00014183999999999998}}",,,fewshot_cot_dose100,"Think step by step about the expected value of each option and your own attitude toward risk, then decide.","Here are example responses:

Q: Option safe gives 50 tokens for sure. Option risky gives 132 tokens with 50 percent probability and 0 tokens otherwise. Choose one option.
A: A guaranteed 50 is fine, but a 50/50 shot at 132 has enough upside that I'd rather take the chance. Final answer: risky

Q: Option safe gives 50 tokens for sure. Option risky gives 33 tokens with 50 percent probability and 0 tokens otherwise. Choose one option.
A: A guaranteed 50 is fine, but a 50/50 shot at 33 has enough upside that I'd rather take the chance. Final answer: risky

Q: Option safe gives 50 tokens for sure. Option risky gives 166 tokens with 50 percent probability and 0 tokens otherwise. Choose one option.
A: A guaranteed 50 is fine, but a 50/50 shot at 166 has enough upside that I'd rather take the chance. Final answer: risky

Q: Option safe gives 50 tokens for sure. Option risky gives 99 tokens with 50 percent probability and 0 tokens otherwise. Choose one option.
A: A guaranteed 50 is fine, but a 50/50 shot at 99 has enough upside that I'd rather take the chance. Final answer: risky

Q: Option safe gives 50 tokens for sure. Option risky gives 51 tokens with 50 percent probability and 0 tokens otherwise. Choose one option.
A: A guaranteed 50 is fine, but a 50/50 shot at 51 has enough upside that I'd rather take the chance. Final answer: risky

Q: Option safe gives 50 tokens for sure. Option risky gives 67 tokens with 50 percent probability and 0 tokens otherwise. Choose one option.
A: A guaranteed 50 is fine, but a 50/50 shot at 67 has enough upside that I'd rather take the chance. Final answer: risky

",15,15,1,True
1,,fewshot_cot_dose100_agent_2,L2,"To make a decision, let's calculate the expected value of each option and consider our attitude towards risk.

1. **Option Safe**: This option gives 50 tokens for sure. The expected value (EV) of this option is simply 50 tokens because it's a guaranteed outcome.

2. **Option Risky**: This option gives 10 tokens with a 50% probability and 0 tokens with a 50% probability. The expected value of this option can be calculated as follows:
   - EV = (Probability of winning * Amount won) + (Probability of losing * Amount lost)
   - EV = (0.5 * 10) + (0.5 * 0)
   - EV = 5 + 0
   - EV = 5 tokens

Given these calculations, the expected value of Option Safe (50 tokens) is higher than that of Option Risky (5 tokens). Considering risk attitude, Option Safe provides a guaranteed outcome, which is attractive if one is risk-averse, especially since the expected value of Option Risky is significantly lower than the guaranteed amount of Option Safe.

Final answer: safe",03024a17e688ea6afb7c3f73f9fb0090,False,,"To make a decision, let's calculate the expected value of each option and consider our attitude towards risk.

1. **Option Safe**: This option gives 50 tokens for sure. The expected value (EV) of this option is simply 50 tokens because it's a guaranteed outcome.

2. **Option Risky**: This option gives 10 tokens with a 50% probability and 0 tokens with a 50% probability. The expected value of this option can be calculated as follows:
   - EV = (Probability of winning * Amount won) + (Probability of losing * Amount lost)
   - EV = (0.5 * 10) + (0.5 * 0)
   - EV = 5 + 0
   - EV = 5 tokens

Given these calculations, the expected value of Option Safe (50 tokens) is higher than that of Option Risky (5 tokens). Considering risk attitude, Option Safe provides a guaranteed outcome, which is attractive if one is risk-averse, especially since the expected value of Option Risky is significantly lower than the guaranteed amount of Option Safe.

Final answer: safe",0,0,deep_infra,False,1000,meta-llama/Llama-3.3-70B-Instruct,0,0,,0.5,3,1,"Your traits: {'agent_index': 2, 'subject_id': 'L2'}","Here are example responses:

Q: Option safe gives 50 tokens for sure. Option risky gives 132 tokens with 50 percent probability and 0 tokens otherwise. Choose one option.
A: A guaranteed 50 is fine, but a 50/50 shot at 132 has enough upside that I'd rather take the chance. Final answer: risky

Q: Option safe gives 50 tokens for sure. Option risky gives 33 tokens with 50 percent probability and 0 tokens otherwise. Choose one option.
A: A guaranteed 50 is fine, but a 50/50 shot at 33 has enough upside that I'd rather take the chance. Final answer: risky

Q: Option safe gives 50 tokens for sure. Option risky gives 166 tokens with 50 percent probability and 0 tokens otherwise. Choose one option.
A: A guaranteed 50 is fine, but a 50/50 shot at 166 has enough upside that I'd rather take the chance. Final answer: risky

Q: Option safe gives 50 tokens for sure. Option risky gives 99 tokens with 50 percent probability and 0 tokens otherwise. Choose one option.
A: A guaranteed 50 is fine, but a 50/50 shot at 99 has enough upside that I'd rather take the chance. Final answer: risky

Q: Option safe gives 50 tokens for sure. Option risky gives 51 tokens with 50 percent probability and 0 tokens otherwise. Choose one option.
A: A guaranteed 50 is fine, but a 50/50 shot at 51 has enough upside that I'd rather take the chance. Final answer: risky

Q: Option safe gives 50 tokens for sure. Option risky gives 67 tokens with 50 percent probability and 0 tokens otherwise. Choose one option.
A: A guaranteed 50 is fine, but a 50/50 shot at 67 has enough upside that I'd rather take the chance. Final answer: risky

You are playing a lottery game. Option safe gives 50 tokens for sure. Option risky gives 10 tokens with 50 percent probability and 0 tokens otherwise. Choose one option.
Think step by step about the expected value of each option and your own attitude toward risk, then decide.
End your response with exactly ""Final answer: safe"" or ""Final answer: risky"".",,"{{ scenario.fewshot_block }}You are playing a lottery game. Option safe gives 50 tokens for sure. Option risky gives {{ scenario.risky_reward }} tokens with 50 percent probability and 0 tokens otherwise. Choose one option.
{{ scenario.cot_instruction }}
End your response with exactly ""Final answer: safe"" or ""Final answer: risky"".",free_text,0.00021108000000000002,0.23,516,4737.5402690922865,0.4,231,"{'id': 'chatcmpl-RX2vWbCTrt6j22pe6DQG3M8p', 'choices': [{'finish_reason': 'stop', 'index': 0, 'logprobs': None, 'message': {'content': ""To make a decision, let's calculate the expected value of each option and consider our attitude towards risk.\n\n1. **Option Safe**: This option gives 50 tokens for sure. The expected value (EV) of this option is simply 50 tokens because it's a guaranteed outcome.\n\n2. **Option Risky**: This option gives 10 tokens with a 50% probability and 0 tokens with a 50% probability. The expected value of this option can be calculated as follows:\n   - EV = (Probability of winning * Amount won) + (Probability of losing * Amount lost)\n   - EV = (0.5 * 10) + (0.5 * 0)\n   - EV = 5 + 0\n   - EV = 5 tokens\n\nGiven these calculations, the expected value of Option Safe (50 tokens) is higher than that of Option Risky (5 tokens). Considering risk attitude, Option Safe provides a guaranteed outcome, which is attractive if one is risk-averse, especially since the expected value of Option Risky is significantly lower than the guaranteed amount of Option Safe.\n\nFinal answer: safe"", 'refusal': None, 'role': 'assistant', 'annotations': None, 'audio': None, 'function_call': None, 'tool_calls': None, 'reasoning_content': None, 'name': None}}], 'created': 1779692346, 'model': 'meta-llama/Llama-3.3-70B-Instruct-Turbo', 'object': 'chat.completion', 'service_tier': None, 'system_fingerprint': None, 'usage': {'completion_tokens': 231, 'prompt_tokens': 516, 'total_tokens': 747, 'completion_tokens_details': None, 'prompt_tokens_details': None, 'estimated_cost': 0.00012552}}",,,fewshot_cot_dose100,"Think step by step about the expected value of each option and your own attitude toward risk, then decide.","Here are example responses:

Q: Option safe gives 50 tokens for sure. Option risky gives 132 tokens with 50 percent probability and 0 tokens otherwise. Choose one option.
A: A guaranteed 50 is fine, but a 50/50 shot at 132 has enough upside that I'd rather take the chance. Final answer: risky

Q: Option safe gives 50 tokens for sure. Option risky gives 33 tokens with 50 percent probability and 0 tokens otherwise. Choose one option.
A: A guaranteed 50 is fine, but a 50/50 shot at 33 has enough upside that I'd rather take the chance. Final answer: risky

Q: Option safe gives 50 tokens for sure. Option risky gives 166 tokens with 50 percent probability and 0 tokens otherwise. Choose one option.
A: A guaranteed 50 is fine, but a 50/50 shot at 166 has enough upside that I'd rather take the chance. Final answer: risky

Q: Option safe gives 50 tokens for sure. Option risky gives 99 tokens with 50 percent probability and 0 tokens otherwise. Choose one option.
A: A guaranteed 50 is fine, but a 50/50 shot at 99 has enough upside that I'd rather take the chance. Final answer: risky

Q: Option safe gives 50 tokens for sure. Option risky gives 51 tokens with 50 percent probability and 0 tokens otherwise. Choose one option.
A: A guaranteed 50 is fine, but a 50/50 shot at 51 has enough upside that I'd rather take the chance. Final answer: risky

Q: Option safe gives 50 tokens for sure. Option risky gives 67 tokens with 50 percent probability and 0 tokens otherwise. Choose one option.
A: A guaranteed 50 is fine, but a 50/50 shot at 67 has enough upside that I'd rather take the chance. Final answer: risky

",10,10,0,True
1,,fewshot_cot_dose100_agent_2,L2,"To make a decision, let's calculate the expected value of each option and consider the risk involved.

Option safe gives 50 tokens for sure. The expected value (EV) of this option is simply 50 tokens because it's a guaranteed outcome.

Option risky gives 15 tokens with 50 percent probability and 0 tokens otherwise. To calculate the expected value of this option, we use the formula EV = (probability of winning * amount won) + (probability of losing * amount lost). For option risky, this would be EV = (0.5 * 15) + (0.5 * 0) = 7.5 tokens.

Given that the expected value of option safe (50 tokens) is higher than that of option risky (7.5 tokens), and considering the risk involved in option risky where there's a 50% chance of getting nothing, the safer choice is option safe.

Final answer: safe",9ea405e5941f9a3b6e2ac69226808c89,False,,"To make a decision, let's calculate the expected value of each option and consider the risk involved.

Option safe gives 50 tokens for sure. The expected value (EV) of this option is simply 50 tokens because it's a guaranteed outcome.

Option risky gives 15 tokens with 50 percent probability and 0 tokens otherwise. To calculate the expected value of this option, we use the formula EV = (probability of winning * amount won) + (probability of losing * amount lost). For option risky, this would be EV = (0.5 * 15) + (0.5 * 0) = 7.5 tokens.

Given that the expected value of option safe (50 tokens) is higher than that of option risky (7.5 tokens), and considering the risk involved in option risky where there's a 50% chance of getting nothing, the safer choice is option safe.

Final answer: safe",0,0,deep_infra,False,1000,meta-llama/Llama-3.3-70B-Instruct,0,0,,0.5,3,1,"Your traits: {'agent_index': 2, 'subject_id': 'L2'}","Here are example responses:

Q: Option safe gives 50 tokens for sure. Option risky gives 132 tokens with 50 percent probability and 0 tokens otherwise. Choose one option.
A: A guaranteed 50 is fine, but a 50/50 shot at 132 has enough upside that I'd rather take the chance. Final answer: risky

Q: Option safe gives 50 tokens for sure. Option risky gives 33 tokens with 50 percent probability and 0 tokens otherwise. Choose one option.
A: A guaranteed 50 is fine, but a 50/50 shot at 33 has enough upside that I'd rather take the chance. Final answer: risky

Q: Option safe gives 50 tokens for sure. Option risky gives 166 tokens with 50 percent probability and 0 tokens otherwise. Choose one option.
A: A guaranteed 50 is fine, but a 50/50 shot at 166 has enough upside that I'd rather take the chance. Final answer: risky

Q: Option safe gives 50 tokens for sure. Option risky gives 99 tokens with 50 percent probability and 0 tokens otherwise. Choose one option.
A: A guaranteed 50 is fine, but a 50/50 shot at 99 has enough upside that I'd rather take the chance. Final answer: risky

Q: Option safe gives 50 tokens for sure. Option risky gives 51 tokens with 50 percent probability and 0 tokens otherwise. Choose one option.
A: A guaranteed 50 is fine, but a 50/50 shot at 51 has enough upside that I'd rather take the chance. Final answer: risky

Q: Option safe gives 50 tokens for sure. Option risky gives 67 tokens with 50 percent probability and 0 tokens otherwise. Choose one option.
A: A guaranteed 50 is fine, but a 50/50 shot at 67 has enough upside that I'd rather take the chance. Final answer: risky

You are playing a lottery game. Option safe gives 50 tokens for sure. Option risky gives 15 tokens with 50 percent probability and 0 tokens otherwise. Choose one option.
Think step by step about the expected value of each option and your own attitude toward risk, then decide.
End your response with exactly ""Final answer: safe"" or ""Final answer: risky"".",,"{{ scenario.fewshot_block }}You are playing a lottery game. Option safe gives 50 tokens for sure. Option risky gives {{ scenario.risky_reward }} tokens with 50 percent probability and 0 tokens otherwise. Choose one option.
{{ scenario.cot_instruction }}
End your response with exactly ""Final answer: safe"" or ""Final answer: risky"".",free_text,0.00019428000000000002,0.23,516,5147.210212065061,0.4,189,"{'id': 'chatcmpl-RtAtQ5ZRTUVuAAKHbHdeER4M', 'choices': [{'finish_reason': 'stop', 'index': 0, 'logprobs': None, 'message': {'content': ""To make a decision, let's calculate the expected value of each option and consider the risk involved.\n\nOption safe gives 50 tokens for sure. The expected value (EV) of this option is simply 50 tokens because it's a guaranteed outcome.\n\nOption risky gives 15 tokens with 50 percent probability and 0 tokens otherwise. To calculate the expected value of this option, we use the formula EV = (probability of winning * amount won) + (probability of losing * amount lost). For option risky, this would be EV = (0.5 * 15) + (0.5 * 0) = 7.5 tokens.\n\nGiven that the expected value of option safe (50 tokens) is higher than that of option risky (7.5 tokens), and considering the risk involved in option risky where there's a 50% chance of getting nothing, the safer choice is option safe.\n\nFinal answer: safe"", 'refusal': None, 'role': 'assistant', 'annotations': None, 'audio': None, 'function_call': None, 'tool_calls': None, 'reasoning_content': None, 'name': None}}], 'created': 1779692344, 'model': 'meta-llama/Llama-3.3-70B-Instruct-Turbo', 'object': 'chat.completion', 'service_tier': None, 'system_fingerprint': None, 'usage': {'completion_tokens': 189, 'prompt_tokens': 516, 'total_tokens': 705, 'completion_tokens_details': None, 'prompt_tokens_details': None, 'estimated_cost': 0.00011208}}",,,fewshot_cot_dose100,"Think step by step about the expected value of each option and your own attitude toward risk, then decide.","Here are example responses:

Q: Option safe gives 50 tokens for sure. Option risky gives 132 tokens with 50 percent probability and 0 tokens otherwise. Choose one option.
A: A guaranteed 50 is fine, but a 50/50 shot at 132 has enough upside that I'd rather take the chance. Final answer: risky

Q: Option safe gives 50 tokens for sure. Option risky gives 33 tokens with 50 percent probability and 0 tokens otherwise. Choose one option.
A: A guaranteed 50 is fine, but a 50/50 shot at 33 has enough upside that I'd rather take the chance. Final answer: risky

Q: Option safe gives 50 tokens for sure. Option risky gives 166 tokens with 50 percent probability and 0 tokens otherwise. Choose one option.
A: A guaranteed 50 is fine, but a 50/50 shot at 166 has enough upside that I'd rather take the chance. Final answer: risky

Q: Option safe gives 50 tokens for sure. Option risky gives 99 tokens with 50 percent probability and 0 tokens otherwise. Choose one option.
A: A guaranteed 50 is fine, but a 50/50 shot at 99 has enough upside that I'd rather take the chance. Final answer: risky

Q: Option safe gives 50 tokens for sure. Option risky gives 51 tokens with 50 percent probability and 0 tokens otherwise. Choose one option.
A: A guaranteed 50 is fine, but a 50/50 shot at 51 has enough upside that I'd rather take the chance. Final answer: risky

Q: Option safe gives 50 tokens for sure. Option risky gives 67 tokens with 50 percent probability and 0 tokens otherwise. Choose one option.
A: A guaranteed 50 is fine, but a 50/50 shot at 67 has enough upside that I'd rather take the chance. Final answer: risky

",15,15,1,True
