unit_id,condition,task,reward,system_prompt,user_prompt
creativity:baseline:0:detailed_ways_to_use_a_brick,baseline,detailed_ways_to_use_a_brick,,Your traits: {'subject_id': 'A1'},"List very detailed ways you can use a brick. Each answer should be a paragraph.


The list must not contain more than 10 items.

Return your answers on one line, in a comma-separated list of your responses, with square brackets and each answer in quotes E.g., [""A"", ""B"", ""C""]

After the answers, you can put a comment explaining your choice on the next line."
creativity:baseline:0:improve_the_stapler_with_many_specific_enhancements,baseline,improve_the_stapler_with_many_specific_enhancements,,Your traits: {'subject_id': 'A1'},"Your goal is to improve the stapler. List as many specific enhancements as you can that would make it better. You may change features, materials, mechanisms, interfaces, or add/remove parts. Do not list new uses; stay focused on improvements to the object itself. For each idea, add enough detail so someone could build or test it.


The list must not contain more than 10 items.

Return your answers on one line, in a comma-separated list of your responses, with square brackets and each answer in quotes E.g., [""A"", ""B"", ""C""]

After the answers, you can put a comment explaining your choice on the next line."
creativity:baseline:1:detailed_ways_to_use_a_brick,baseline,detailed_ways_to_use_a_brick,,Your traits: {'subject_id': 'A2'},"List very detailed ways you can use a brick. Each answer should be a paragraph.


The list must not contain more than 10 items.

Return your answers on one line, in a comma-separated list of your responses, with square brackets and each answer in quotes E.g., [""A"", ""B"", ""C""]

After the answers, you can put a comment explaining your choice on the next line."
creativity:baseline:1:improve_the_stapler_with_many_specific_enhancements,baseline,improve_the_stapler_with_many_specific_enhancements,,Your traits: {'subject_id': 'A2'},"Your goal is to improve the stapler. List as many specific enhancements as you can that would make it better. You may change features, materials, mechanisms, interfaces, or add/remove parts. Do not list new uses; stay focused on improvements to the object itself. For each idea, add enough detail so someone could build or test it.


The list must not contain more than 10 items.

Return your answers on one line, in a comma-separated list of your responses, with square brackets and each answer in quotes E.g., [""A"", ""B"", ""C""]

After the answers, you can put a comment explaining your choice on the next line."
